{
  "generado": "2026-06-29 13:34",
  "data": "data\\processed\\orders_features.csv",
  "n_total": 96470,
  "tamanos_split": {
    "train": 67529,
    "val": 14470,
    "test": 14471
  },
  "referencia_etapa4": {
    "modelo": "xgboost",
    "test": {
      "pr_auc": 0.12370157856372747,
      "roc_auc": 0.7027743897771404,
      "f1": 0.1913847932928592,
      "precision": 0.13229416466826538,
      "recall": 0.3458725182863114,
      "brier": 0.18554361164569855,
      "umbral": 0.5737972855567932,
      "tasa_base": 0.06613226452905811,
      "frac_alertas": 0.1728975191762836
    }
  },
  "binario": {
    "mejor_modelo": "xgboost",
    "pr_auc_val": {
      "logistic_regression": 0.1504,
      "random_forest": 0.153,
      "hist_gradient_boosting": 0.1591,
      "xgboost": 0.1628
    },
    "umbral_f1": 0.520346999168396,
    "operativo_alta_cobertura": {
      "umbral": 0.46286913752555847,
      "pr_auc": 0.12147496584433391,
      "roc_auc": 0.6955331279965249,
      "f1": 0.19336365167593061,
      "precision": 0.11526104417670682,
      "recall": 0.599791013584117,
      "brier": 0.18089692294597626,
      "tasa_base": 0.06613226452905811,
      "frac_alertas": 0.34413654895998896
    },
    "calibracion": {
      "ok": true,
      "metodo": "isotonic",
      "brier_sin_calibrar": 0.18089692294597626,
      "metricas": {
        "pr_auc": 0.11472845470035786,
        "roc_auc": 0.6929451156268301,
        "f1": 0.0,
        "precision": 0.0,
        "recall": 0.0,
        "brier": 0.061494259199394066,
        "umbral": 0.520346999168396,
        "tasa_base": 0.06613226452905811,
        "frac_alertas": 0.0
      }
    },
    "reventaneo": {
      "familia": "xgboost",
      "frac_train_usado": 0.5,
      "n_train_reciente": 33765,
      "tasa_base_train_reciente": 0.13368873093439954,
      "test": {
        "pr_auc": 0.06717702032353888,
        "roc_auc": 0.45453783830971217,
        "f1": 0.09375,
        "precision": 0.0657950231969633,
        "recall": 0.16300940438871472,
        "brier": 0.1492295116186142,
        "umbral": 0.49830448627471924,
        "tasa_base": 0.06613226452905811,
        "frac_alertas": 0.16384493124179395
      }
    },
    "peso_tasa_vendedor": 0.051289308721187955,
    "importancias_top": {
      "cat__customer_state_SP": 0.10356492549180984,
      "cat__customer_state_RJ": 0.0658184066414833,
      "cat__mismo_estado_0": 0.06316004693508148,
      "num__tasa_vendedor": 0.051289305090904236,
      "num__mes_compra": 0.04773697257041931,
      "cat__customer_state_MG": 0.04535507410764694,
      "cat__seller_state_SP": 0.03348257392644882,
      "cat__mismo_estado_1": 0.028951017186045647,
      "cat__customer_state_PR": 0.027870165184140205,
      "num__dias_prometidos": 0.026925088837742805,
      "cat__seller_state_RJ": 0.02214825712144375,
      "num__dist_haversine_km": 0.021253082901239395,
      "cat__customer_state_CE": 0.0179376732558012,
      "num__flete_total": 0.017250485718250275,
      "cat__seller_state_SC": 0.016601616516709328,
      "num__n_items": 0.01421878021210432,
      "cat__sin_historial_vendedor_1": 0.013654024340212345,
      "cat__seller_state_PR": 0.013310209847986698,
      "cat__seller_state_MG": 0.013203202746808529,
      "cat__customer_state_PE": 0.012908859178423882
    },
    "analisis_region": [
      {
        "region": "Sudeste",
        "n_ordenes": 10228,
        "tasa_tarde_real": 0.07596793116933907,
        "recall_tarde": 0.4337194337194337,
        "n_tarde": 777
      },
      {
        "region": "Nordeste",
        "n_ordenes": 1256,
        "tasa_tarde_real": 0.052547770700636945,
        "recall_tarde": 0.8787878787878788,
        "n_tarde": 66
      },
      {
        "region": "Centro-Oeste",
        "n_ordenes": 837,
        "tasa_tarde_real": 0.04898446833930705,
        "recall_tarde": 0.5365853658536586,
        "n_tarde": 41
      },
      {
        "region": "Norte",
        "n_ordenes": 225,
        "tasa_tarde_real": 0.04,
        "recall_tarde": 0.7777777777777778,
        "n_tarde": 9
      },
      {
        "region": "Sul",
        "n_ordenes": 1925,
        "tasa_tarde_real": 0.03324675324675325,
        "recall_tarde": 0.296875,
        "n_tarde": 64
      }
    ],
    "analisis_cold_start": [
      {
        "segmento": "con historial",
        "n_ordenes": 12820,
        "tasa_tarde_real": 0.0673166926677067,
        "pr_auc": 0.12424552116762795,
        "roc_auc": 0.6947799913769803,
        "recall": 0.4681344148319815,
        "precision": 0.1251548946716233
      },
      {
        "segmento": "cold-start (sin historial)",
        "n_ordenes": 1651,
        "tasa_tarde_real": 0.05693519079345851,
        "pr_auc": 0.10197289947658003,
        "roc_auc": 0.7036718184178521,
        "recall": 0.4148936170212766,
        "precision": 0.10290237467018469
      }
    ],
    "metricas": {
      "baseline_mayoritaria": {
        "test": {
          "pr_auc": 0.06613226452905811,
          "roc_auc": 0.5,
          "f1": 0.12406015037593984,
          "precision": 0.06613226452905811,
          "recall": 1.0,
          "brier": 0.062341530754878555,
          "umbral": 0.09027232744450532,
          "tasa_base": 0.06613226452905811,
          "frac_alertas": 1.0
        }
      },
      "logistic_regression": {
        "val": {
          "pr_auc": 0.15036269010865172,
          "roc_auc": 0.761899967519162,
          "f1": 0.23684210526315788,
          "precision": 0.18238993710691823,
          "recall": 0.33764553686934023,
          "brier": 0.23464513136561813,
          "umbral": 0.7269273536446492,
          "tasa_base": 0.053420870767104355,
          "frac_alertas": 0.09889426399447132
        },
        "test": {
          "pr_auc": 0.11052130665603077,
          "roc_auc": 0.6649508872644012,
          "f1": 0.14442295293359123,
          "precision": 0.10442890442890443,
          "recall": 0.23406478578892373,
          "brier": 0.29627607706640785,
          "umbral": 0.7269273536446492,
          "tasa_base": 0.06613226452905811,
          "frac_alertas": 0.148227489461682
        }
      },
      "random_forest": {
        "val": {
          "pr_auc": 0.1529651099536846,
          "roc_auc": 0.7479105867414522,
          "f1": 0.23026851098454026,
          "precision": 0.1679525222551929,
          "recall": 0.36610608020698576,
          "brier": 0.11887962245361373,
          "umbral": 0.4506228183112093,
          "tasa_base": 0.053420870767104355,
          "frac_alertas": 0.11644782308223911
        },
        "test": {
          "pr_auc": 0.0921734569168628,
          "roc_auc": 0.6480056519428207,
          "f1": 0.11715976331360947,
          "precision": 0.08171687990094924,
          "recall": 0.20689655172413793,
          "brier": 0.14635242926912143,
          "umbral": 0.4506228183112093,
          "tasa_base": 0.06613226452905811,
          "frac_alertas": 0.1674383249257135
        }
      },
      "hist_gradient_boosting": {
        "val": {
          "pr_auc": 0.15911046091262204,
          "roc_auc": 0.7483693703147052,
          "f1": 0.23580407455570004,
          "precision": 0.1773142112125163,
          "recall": 0.351875808538163,
          "brier": 0.13653355122480115,
          "umbral": 0.5583137929910966,
          "tasa_base": 0.053420870767104355,
          "frac_alertas": 0.1060124395300622
        },
        "test": {
          "pr_auc": 0.12371325687252598,
          "roc_auc": 0.6902321892587416,
          "f1": 0.18061309030654515,
          "precision": 0.12274774774774774,
          "recall": 0.34169278996865204,
          "brier": 0.1841907359393937,
          "umbral": 0.5583137929910966,
          "tasa_base": 0.06613226452905811,
          "frac_alertas": 0.18409232257618685
        }
      },
      "xgboost": {
        "val": {
          "pr_auc": 0.1627521396149883,
          "roc_auc": 0.7547088006448188,
          "f1": 0.24049174029965426,